{
    "name": "root",
    "gauges": {
        "AgentTesting.Policy.Entropy.mean": {
            "value": 1.366138219833374,
            "min": 1.3652316331863403,
            "max": 1.4297542572021484,
            "count": 26
        },
        "AgentTesting.Policy.Entropy.sum": {
            "value": 16665.51953125,
            "min": 15631.0078125,
            "max": 17542.873046875,
            "count": 26
        },
        "AgentTesting.Environment.EpisodeLength.mean": {
            "value": 153.41772151898735,
            "min": 153.41772151898735,
            "max": 755.0625,
            "count": 26
        },
        "AgentTesting.Environment.EpisodeLength.sum": {
            "value": 12120.0,
            "min": 11302.0,
            "max": 12490.0,
            "count": 26
        },
        "AgentTesting.Step.mean": {
            "value": 311858.0,
            "min": 11297.0,
            "max": 311858.0,
            "count": 26
        },
        "AgentTesting.Step.sum": {
            "value": 311858.0,
            "min": 11297.0,
            "max": 311858.0,
            "count": 26
        },
        "AgentTesting.Policy.ExtrinsicValueEstimate.mean": {
            "value": 0.381239116191864,
            "min": -0.11846733093261719,
            "max": 0.381239116191864,
            "count": 26
        },
        "AgentTesting.Policy.ExtrinsicValueEstimate.sum": {
            "value": 30.117891311645508,
            "min": -2.013944625854492,
            "max": 30.117891311645508,
            "count": 26
        },
        "AgentTesting.Environment.CumulativeReward.mean": {
            "value": 0.9468354371529591,
            "min": -1.4687500521540642,
            "max": 0.9776119367400212,
            "count": 26
        },
        "AgentTesting.Environment.CumulativeReward.sum": {
            "value": 74.79999953508377,
            "min": -24.500000536441803,
            "max": 74.79999953508377,
            "count": 26
        },
        "AgentTesting.Policy.ExtrinsicReward.mean": {
            "value": 0.9468354371529591,
            "min": -1.4687500521540642,
            "max": 0.9776119367400212,
            "count": 26
        },
        "AgentTesting.Policy.ExtrinsicReward.sum": {
            "value": 74.79999953508377,
            "min": -24.500000536441803,
            "max": 74.79999953508377,
            "count": 26
        },
        "AgentTesting.IsTraining.mean": {
            "value": 1.0,
            "min": 1.0,
            "max": 1.0,
            "count": 26
        },
        "AgentTesting.IsTraining.sum": {
            "value": 1.0,
            "min": 1.0,
            "max": 1.0,
            "count": 26
        },
        "AgentTesting.Losses.PolicyLoss.mean": {
            "value": 0.09956255880623031,
            "min": 0.0948403106497911,
            "max": 0.10459743503856266,
            "count": 25
        },
        "AgentTesting.Losses.PolicyLoss.sum": {
            "value": 0.09956255880623031,
            "min": 0.0948403106497911,
            "max": 0.10459743503856266,
            "count": 25
        },
        "AgentTesting.Losses.ValueLoss.mean": {
            "value": 0.04860312452562797,
            "min": 0.007146348835981338,
            "max": 0.05052670237694121,
            "count": 25
        },
        "AgentTesting.Losses.ValueLoss.sum": {
            "value": 0.04860312452562797,
            "min": 0.007146348835981338,
            "max": 0.05052670237694121,
            "count": 25
        },
        "AgentTesting.Policy.LearningRate.mean": {
            "value": 0.00011664006111999999,
            "min": 0.00011664006111999999,
            "max": 0.00029274180241940003,
            "count": 25
        },
        "AgentTesting.Policy.LearningRate.sum": {
            "value": 0.00011664006111999999,
            "min": 0.00011664006111999999,
            "max": 0.00029274180241940003,
            "count": 25
        },
        "AgentTesting.Policy.Epsilon.mean": {
            "value": 0.13887999999999998,
            "min": 0.13887999999999998,
            "max": 0.19758060000000002,
            "count": 25
        },
        "AgentTesting.Policy.Epsilon.sum": {
            "value": 0.13887999999999998,
            "min": 0.13887999999999998,
            "max": 0.19758060000000002,
            "count": 25
        },
        "AgentTesting.Policy.Beta.mean": {
            "value": 0.000394912,
            "min": 0.000394912,
            "max": 0.0009760479400000001,
            "count": 25
        },
        "AgentTesting.Policy.Beta.sum": {
            "value": 0.000394912,
            "min": 0.000394912,
            "max": 0.0009760479400000001,
            "count": 25
        }
    },
    "metadata": {
        "timer_format_version": "0.1.0",
        "start_time_seconds": "1686269344",
        "python_version": "3.7.16 (default, Jan 17 2023, 16:06:28) [MSC v.1916 64 bit (AMD64)]",
        "command_line_arguments": "C:\\Users\\ksno\\anaconda3\\envs\\cajasdemaria\\Scripts\\mlagents-learn C:\\Users\\ksno\\Desktop\\Proyectos Unity\\Cajas de Maria\\Assets\\Scripts\\cajasconfig.yaml --run-id test4",
        "mlagents_version": "0.29.0",
        "mlagents_envs_version": "0.29.0",
        "communication_protocol_version": "1.5.0",
        "pytorch_version": "1.13.1+cpu",
        "numpy_version": "1.21.2",
        "end_time_seconds": "1686272594"
    },
    "total": 3249.6948434,
    "count": 1,
    "self": 0.006334100000003673,
    "children": {
        "run_training.setup": {
            "total": 0.11016959999999987,
            "count": 1,
            "self": 0.11016959999999987
        },
        "TrainerController.start_learning": {
            "total": 3249.5783397,
            "count": 1,
            "self": 6.284157199996571,
            "children": {
                "TrainerController._reset_env": {
                    "total": 8.3209298,
                    "count": 1,
                    "self": 8.3209298
                },
                "TrainerController.advance": {
                    "total": 3234.881507400003,
                    "count": 313332,
                    "self": 6.557247300010658,
                    "children": {
                        "env_step": {
                            "total": 3097.681000399983,
                            "count": 313332,
                            "self": 2860.687703299998,
                            "children": {
                                "SubprocessEnvManager._take_step": {
                                    "total": 232.89711529998527,
                                    "count": 313332,
                                    "self": 17.55252050005521,
                                    "children": {
                                        "TorchPolicy.evaluate": {
                                            "total": 215.34459479993006,
                                            "count": 312743,
                                            "self": 47.84809630003744,
                                            "children": {
                                                "TorchPolicy.sample_actions": {
                                                    "total": 167.49649849989262,
                                                    "count": 312743,
                                                    "self": 167.49649849989262
                                                }
                                            }
                                        }
                                    }
                                },
                                "workers": {
                                    "total": 4.0961818,
                                    "count": 313331,
                                    "self": 0.0,
                                    "children": {
                                        "worker_root": {
                                            "total": 3233.5500115000773,